,North,South,East,West
State 8100,-1.5122792,-178.46906,-1.597643,-170.22676
State 8181,-1.9352365,-175.84174,-1.8152875,-191.81699
